Phone,Question,Feedback,SapphireComment,ExcellenceComment,SuperFineSapphireComment,DolceVitacomment,Comment,Date
8535870244,Sapphire Design,value,Sapphire Comment,,,,,28-06-2022 11:06:24
8535870244,Sapphire Design,value,Sapphire Comment,,,,,28-06-2022 11:06:24
8535870244,Sapphire Design,value,Sapphire Comment,,,,,28-06-2022 11:06:24
8535870244,Sapphire Design,value,Sapphire Comment,,,,,28-06-2022 11:06:24
8535870244,Sapphire Design,value,Sapphire Comment,,,,,28-06-2022 11:06:24
8535870244,Sapphire Design,value,Sapphire Comment,,,,,28-06-2022 11:06:24
8535870244,Sapphire Design,value,Sapphire Comment,,,,,28-06-2022 11:06:24
8535870244,Sapphire Design,value,Sapphire Comment,,,,,28-06-2022 11:06:24
8535870244,Sapphire Design,value,Sapphire Comment,,,,,28-06-2022 11:06:24
8535870244,Sapphire Design,value,Sapphire Comment,,,,,28-06-2022 11:06:24
8535870244,Sapphire Design,value,Sapphire Comment,,,,,28-06-2022 11:06:24
8535870244,Sapphire Design,value,Sapphire Comment,,,,,28-06-2022 11:06:24
8535870244,Dolc�e Vita Design,value,Sapphire Comment,,,,,28-06-2022 11:06:24
8535870244,Sapphire Design,value,Sapphire Comment,,,,Any,28-06-2022 12:06:86
8535870244,Sapphire Design,value,Sapphire Comment,,,,Any,28-06-2022 12:06:86
8535870244,Sapphire Design,value,Sapphire Comment,,,,Any,28-06-2022 12:06:86
8535870244,Sapphire Design,value,Sapphire Comment,,,,Any,28-06-2022 12:06:86
8535870244,Sapphire Design,value,Sapphire Comment,,,,Any,28-06-2022 12:06:86
8535870244,Sapphire Design,value,Sapphire Comment,,,,Any,28-06-2022 12:06:86
8535870244,Sapphire Design,value,Sapphire Comment,,,,Any,28-06-2022 12:06:86
8535870244,Sapphire Design,value,Sapphire Comment,,,,Any,28-06-2022 12:06:86
8535870244,Sapphire Design,value,Sapphire Comment,,,,Any,28-06-2022 12:06:86
8535870244,Sapphire Design,value,Sapphire Comment,,,,Any,28-06-2022 12:06:86
8535870244,Sapphire Design,value,Sapphire Comment,,,,Any,28-06-2022 12:06:86
8535870244,Sapphire Design,value,Sapphire Comment,,,,Any,28-06-2022 12:06:86
8535870244,Dolc�e Vita Design,value,Sapphire Comment,,,,Any,28-06-2022 12:06:86